id;about;street;post_code;city;email;phone
1;Armenian Dram wireless directional;Pouros Mews;36980;South Charlotte;Nestor_Mante99@yahoo.com;1-413-275-3895 x8246
2;application Configurable iterate;Jerrod Mountains;33280;Stammton;Emmanuel_Will95@yahoo.com;(546) 040-2635 x627
3;neural back-end Unbranded;Anastasia Mews;50478;Conroychester;Roderick.Mosciski83@hotmail.com;(472) 038-8710
4;Intelligent Planner;Gabe Isle;82999;Aronport;Gayle.Lynch24@hotmail.com;1-314-420-4450 x71718
5;input Naira;Gregg Fords;42085;South Vincenzafort;Wilburn.Wisozk@gmail.com;1-805-999-0256
6;Sleek Tuna magenta;Zieme Green;65397;Beerhaven;Jacklyn.Breitenberg@yahoo.com;(116) 433-2520
7;Engineer Architect;Leuschke Ridges;34866;East Brent;Arden_Schuster41@hotmail.com;1-569-409-8850 x1043
8;online Strategist Shirt;Geoffrey Pike;98858;South Alfredobury;Dorian7@gmail.com;(685) 979-9557 x79783
9;Multi-channelled;Fritsch Falls;26228;East Bessie;Margaret.Kuphal@gmail.com;853.885.9508 x7451
10;Grocery transmit;Mckenna Plains;29160;Giuseppemouth;Aubrey.Turner54@yahoo.com;1-479-326-5869 x714
