id;first_name;last_name;email;phone;photo;photo_content_type;about
1;Garnett;Schinner;Christelle_Renner59@hotmail.com;410.048.3617;../fake-data/blob/hipster.png;image/png;Movies Producer
2;Riley;Wehner;Abagail.Deckow61@gmail.com;1-650-402-5631;../fake-data/blob/hipster.png;image/png;zero administration
3;Frederick;Feeney;Aubree.Schaden@yahoo.com;595.408.6614;../fake-data/blob/hipster.png;image/png;Automotive
4;Trystan;Wintheiser;Raheem1@yahoo.com;(262) 461-6480;../fake-data/blob/hipster.png;image/png;Regional
5;Destiney;Deckow;Nicolas_Hagenes@yahoo.com;551-098-7493;../fake-data/blob/hipster.png;image/png;Communications capacitor archive
6;Keyon;Dietrich;Alvera84@yahoo.com;725.853.9265;../fake-data/blob/hipster.png;image/png;Plastic
7;Princess;Cummerata;Afton_Yost@gmail.com;120.081.7777;../fake-data/blob/hipster.png;image/png;Checking Account Identity deposit
8;Taya;Stracke;Lincoln9@hotmail.com;(336) 367-5628;../fake-data/blob/hipster.png;image/png;Junction Frozen
9;Meta;Stanton;Mireille77@hotmail.com;(405) 741-0412;../fake-data/blob/hipster.png;image/png;Dynamic
10;Jarrell;Haley;Johan.Powlowski24@yahoo.com;457-229-0526 x1896;../fake-data/blob/hipster.png;image/png;modular Refined Squares
